,Tweet_lemmatized
0,mal Frage heute Ruhe Sturm
1,unterwegs gut Blockchainopfer schon werden schnell klären haben ja heute morgen gut erklären soweit Thema Space
2,heute Grundrecht Tag Haft dürfen Vergessenheit geraten freegrundrecht ll Corona
3,laufen heute Bvb
4,Bock heute Bvbbmg
5,Ardsonntagskrimi Schnellcheck Dortmundtatort Punkt ja toll via
6,heute viele Stadt Insta Anfrage schicken machen bissch Angst
7,Schleicher linker eindeutig autoritär werden früh Notstandsgesetze demonstrieren heute billig
8,normalerweise mögen ganz gerne heute haben Liebe Ton ausschalten
9,Gio süß Maus Wein Haar sehen heute gut
10,Berlin etwa Mensch heute denkbar schlecht Wetter Prenzlauer Berg Straße gehen Solidarität
11,Experiment geben heute chemisch Doll natürlich spielen Wasser Rolle
12,lieber Kollege haben haben viele Leben retten heute Twitter leuchten bald unser M
13,heute laufen ja richtig Meinvfl Dortmund gut
14,Lacevic heute international Tag Sozialegerechtigkeit möchten Aufmerksamkeit deshalb heute d mangelnd
15,Luviana live starten heute Justchatting danach mal schauen Twitchde Twitchgirl Gaming Twelvemi
16,Luviana live starten heute Justchatting danach mal schauen Twitchde Twitchgirl Gaming Twelvemi
17,Lacevic heute international Tag Sozialegerechtigkeit möchten Aufmerksamkeit deshalb heute d mangelnd
18,Meisel glauben Opfer heute linker Bein wenigstens Endprodukt Kacke
19,Afd gut Ehrenvorsitzend dr Alexander Gauland Geburtstag heute einzig ehemalig Afdvorsit
20,ja übrigens Fußballmaskottchenhund Tor bekommen immer Leckerchen heute läufts ganz gut
21,b heute Bad putzen Küche aufräumen staffeln Folge
22,E einerseits Frauenname andererseits spät A bereits vergeben Trift heute Nacht b Beatrix Mw frei
23,Polizeiverordnung September lassen jüdisch Mensch Wahl wer Davidstern frei Stück heute
24,Hinweis Youtube stehen beginnen ignorieren beginnen Uhr ab morgen können Album kostenlos freiwillig Betrag Homepage Downloaden hoffen sein heute dabei freuen riesig
25,heute spielen eigentlich Bild ausliegen jung leider schnell wegräumen knapp Frau Punkt vorbei ziehen Pkt Sohnemann
26,Lauterbach danken Tweet heute morgen lesen Studium ganz wichtig Harvard besagen Ba mild Panikmodus unbegründet sollen nächster Mutation warten Maßnahme Aufheben lange brauchen
27,Direktlink Präsentation neu Album wer Konzertlänge Beginn heute Uhr Premier gehen Uhr Livechat Album beinhalten politisch gesellschaftlich persönlich Thema
28,Teil Team d werden heute Frankfurter Flughafen empfangen Biathlondelegation kommen golddenise zurück Deutschland Sportnews
29,heute Radtour viele umgekippt Baum sehen Los viele Querdenker Aggression unterwegs
30,heute Tag Pandemie kennen immer Coronatoten
31,Warschau unweit jüdisch Ghetto polnisch Prostituierte geheim deutsch Agent ermordet jung Offizier Ermitteln historisch Psychokrimi Dienachtdergenerale heute Tvtipp
32,heute Dortmund Adi h
33,vielleicht weltumfassend Schwesterlichkeit notwendig Ehe brüderlich Verständigung gesamt Menschheit mö
34,Schleicher linker eindeutig autoritär werden früh Notstandsgesetze demonstrieren heute billig
35,Friedrichmerz Behauptung schon heute sein erneuerbar billig Energiequelle halten Überprüfung n
36,müssen heute nüchtern feststellen China Russland lingen Teil politisch Klasse Kor
37,Maskenpflicht fallen Maske freiwillig tragen Gelegenheit Zeitpunkt
38,Twice morgen holen bringen heute
39,schwören sehen heute blau vorbeifliegen Spur verlieren Richtung Thüringen Sachsen
40,Maskenpflicht fallen Maske freiwillig tragen Gelegenheit Zeitpunkt
41,heute Sturmwetter
42,Idee wer privat Auto abschaffen Jahr autofrei bleiben bekommen Euro geben Verschrottung
43,heute abend ab Uhr live Starcitizen unterwegs schauen Lorville stellen De
44,Gio süß Maus Wein Haar sehen heute gut
45,nachdem Cop Flensburg gestern schon angemeldet Sponti Hanau zugunsten rechter Spaziergängerinnen w
46,Marco Reus heute stehend gefährlich deutsch Biathleten Peking Bvbbmg
47,spät dran heute gleich gehen Stream Los
48,heute Who Says no
49,heute deutlich Bvbbmg immer eigentlich
50,heute Assange seit unglaublich Tag Haft britisch guantanamo Belmarsh seit fast Jahr
51,Maskenpflicht fallen Maske freiwillig tragen Gelegenheit Zeitpunkt
52,Wordle Wördl laufen heute ja super
53,Mangott gestern schon Sekretär belarussisch Sicherheitsrat erklären heute Verteidigungsminister Di
54,Maskenpflicht fallen Maske freiwillig tragen Gelegenheit Zeitpunkt
55,seit Preußen Zeit deutschrussisch Sonderbeziehung Hypothek Europa heute Rus
56,schon gehören Monat Impfung Biontech Moderna immer ordentlich Zulassung Essenzielle Studium fehlen heute Mrnaimpfstoffe ausreichend Erforscht Standard ordentlich Zulassung Eu Behörde Ema erfüllen
57,Maskenpflicht fallen Maske freiwillig tragen Gelegenheit Zeitpunkt
58,heute Assange seit unglaublich Tag Haft britisch guantanamo Belmarsh seit fast Jahr
59,Eu Beschwichtigungspolitik verraten immer aufs neu Wunsch Iranvolkes Regimeswechsel
60,heute Nacht träumen Deutschunterricht Mdma Raf Bonez analysieren auslachen werden Hook mehr einfallen
61,neu Match Wxwnow Amp Friends Showcase zusätzlich bereits angekündigt match
62,Einstellung stimmen heute
63,früh fragen gehts heute fragen impfen fragen ganz d
64,vergessen Impregnierspray heute deshalb mal
65,Mal Reus heute Masterclass Heja Bvbbmg
66,Afd gut Ehrenvorsitzend dr Alexander Gauland Geburtstag heute einzig ehemalig Afdvorsit
67,Illertissen Ca freiheitsliebend Mensch gehen heute Straßedank Impfpflichtab Lauterbachru
68,Maskenpflicht fallen Maske freiwillig tragen Gelegenheit Zeitpunkt
69,heute morgen twittert Kommunikation Gesundheitsminister Politik Publikation Publikation gestalten
70,Schleicher linker eindeutig autoritär werden früh Notstandsgesetze demonstrieren heute billig
71,regen Geschichte wiederholt früh werden Frau diskriminieren Mann bevorzugen heute Tran Frau diskriminieren Tran Mann bevorzugen wieso können Mann Tran Mann Feier Frau Tran Frau
72,Demonstrant deutsch Stadt Neustadt stehen Schweigend spielen heute abend kanadisch Nationalhymne fü
73,schlecht Mann heute Kommentator betz Fck Svwfck
74,mal Vergleich Bad Neighbors heute Puls Amp App Primetime Memes m fun
75,schön Bild heute Dortmund
76,vergessen ganz Zeit heute abend spielen ja Internet Leute Omg Geil
77,heute ne stürmisch Nacht Antonia
78,danken made my Day endlich n Lacher heute
79,Fußballgott heute einfach mal anwesend Davie Selke
80,Maskenpflicht fallen Maske freiwillig tragen Gelegenheit Zeitpunkt
81,Einsatz heute Bundeswehr früh Wehrmacht Bild erschreckend gleich
82,aufgrund Unwetter heute ab Uhr Zugverkehr Westfrankenbahn strecken komplett einstellen Wiederaufnahme Zugverkehr ab Ca Uhr Folgetag danach Verspätung Teilausfällen rechnen Update folgen
83,Maskenpflicht fallen Maske freiwillig tragen Gelegenheit Zeitpunkt
84,dürfen anschließen Kater heute Angepinkelt
85,Mittelmeer legen bergen andalusisch Provinz Almeria viele Geheimnis Wert entdecken kennen Beispiel vier heute zeigen Youdeservespain Visitspain Almeria
86,Verlosung sichern heute zwei Ticket Team d Parkevent treffen groß Sportidole Oly
87,heute Borussenderby Bvb Sieger hervorgehen entweder holen Punkt sehen Welc
88,Bensebaini machen Dortmund gut Mann heute Bvbbmg
89,Linda Eric heute lesen
90,etwa Mensch heute denkbar schlecht Wetter Prenzlauer Berg Straße gehen Solidarität Jährigen Dilan ausdrücken zwei Woche Sbahnhof greifswald Straße rassistisch angreifen werden Dilan Sözeri halten Rede
91,Luviana live starten heute Justchatting danach mal schauen Twitchde Twitchgirl Gaming Twelvemi
92,Ahoi Freund Uhr gehen Residentevil mal gucken heute actiongeladen Verwirrtheit
93,hören heute nix anhören
94,rechtsextrem Position Ideologie finden heute nahezu Bereich unser Gesellschaft bed
95,Spiel werden heute beiden Torhütern entschieden Kobel halten zweimal glücklich Sommer zweimal unglücklich Bvb Bvbbmg Ding
96,Ian Derung holen Hattrick heute beim Spiel Zug Hctclubrekord
97,Maskenpflicht fallen Maske freiwillig tragen Gelegenheit Zeitpunkt
98,heute Nacht kommen Horrorfilm können Mutter Keller indisch Tempel Tür tot Sohn reden Sowas gehen Z Heimatverein Feuerwehr tagen Tür lieber lassen Wirds Spooky
99,Meier Enigma Theorie lesen nochmal genau heute einliefern werden Mensch schon Pc geschweige sequenziert
100,Qurantäne Tag Schlaf heute morgen Schule let s Goo
101,heute Trainspotting gucken And i Loved it
102,heute Usa einzig Beweis Behauptung geheimdienstlich Erkenntnis Anschuldigung Russland Amp Invasion vorlegen erinnern stark Irak Krieg damals Strategie ebenso viele Anschuldigung Amp beweisen
103,Québec heute abend
104,schwer Geburt heute heißen gewinnen gewinnen
105,Max heute zwei Jahr werden Hanau neun Mensch Rassisten ermordet Fixed That For you h
106,Dortmund Gladbach wollen Rose kaufen heute schon schon Bvbbmg
107,wahrlich Rechtsanspruch Demokratie sozial Marktwirtschaft Ewigkeit Quelle Merkel Rede Jährigen bestehen Cdu Politik Angst Politik Mut heute erneut fragen
108,letzter Aufruf Ahnung Algorithmus Retweet jemandem tl spülen groß Brotpapie
109,suchen gut Twitch user ganz Bot auskennen Stream chat immer erscheinen heute extrem Beispiel werden schon reichen Person ab vorbei schauen unnötig bieten user bannen ne Liste
110,Antifaschistinnen heute Braunschweig solidarisch zeigen betroffen Hausdurchsuchung
111,Ahoi Freund Uhr gehen Residentevil mal gucken heute actiongeladen Verwirrtheit
112,heute Jahr schön Geschenk machen Tochter geboren Jahr
113,heute Bundeswehr früh Wehrmacht Bild erschreckend gleich
114,Ahoi Freund Uhr gehen Residentevil mal gucken heute actiongeladen Verwirrtheit
115,Afd gut Ehrenvorsitzend dr Alexander Gauland Geburtstag heute einzig ehemalig Afdvorsit
116,b heute Bad putzen Küche aufräumen staffeln Folge
117,Ahoi Freund Uhr gehen Residentevil mal gucken heute actiongeladen Verwirrtheit gehen freuen Twitchde Twitchgermany Twitchdeutschland Horrorgames Germanmediaresidentevil
118,Maskenpflicht fallen Maske freiwillig tragen Gelegenheit Zeitpunkt
119,heute Rasieren Gladbach Donnerstag Verkacken Ranger Bvbbmg
120,Keks Parteimitglied Partei Wählerin Corona Protest omnipräsent früh nennen Ei
121,Ok wissen heute Demon Slayer erstmal Anfang erster Anime allein seit November Anfang Haha
122,Jaaaaaaaa Konto diesmal vorne Glück Mal machen Riese Spiel heute
123,nutzen Chance heute Bvbbmg
124,haben heute Afdaustritt getweetet Okay Okay Afdkreistagsabgeordnete ehemalig Kreisvorsitz
125,heute Sonntag Zahltrottel Miniwichser Sonntag erwartet Mademoiselle La cash Ei
126,Maskenpflicht fallen Maske freiwillig tragen Gelegenheit Zeitpunkt
127,Junge gehen heute Start Leistung erster Spieltag anknüpfen Esl Pubg Consoles Pku
128,Jthiele Coronaverlosung heute Wochenendspecial Auflage allgemein Staatslehre Stuttgart
129,Maskenpflicht fallen Maske freiwillig tragen Gelegenheit Zeitpunkt
130,Stream heute verschieben Montag Giveaway Los live Stream
131,heute Weausgabe d stellen Shida Bazyar Taha Julian Warner
132,Maskenpflicht fallen Maske freiwillig tragen Gelegenheit Zeitpunkt
133,Yeedi Vac Hybrid saugen Amp Wischroboter Einstellung sollen kennen Willi Hallo Leute heute gehen mal Yeedi Vac Hybrid saugen Wischroboter saugen Wischroboter Tag Betrieb
134,Migrationshintergrund gehen heute nix mehr
135,Hamburg Hamburg geben Tag Angebot Coronaschutzimpfung Bgm besuchen heute drei davon Stopp w
136,Maskenpflicht fallen Maske freiwillig tragen Gelegenheit Zeitpunkt
137,letzter Match laufen Mega heute gut Uhr Http
138,ptesch Vietnam Jugoslawien Afghanistan Irak Libyen Syrien Jemen lügen Trottel
139,Stand heute Deutschland laut Rki Mensch Corona verstorben
140,heute erster mal seit Jahr Club finden Leute eigentlich Geil lauter Musik überteuet Geträ
141,haben dran erinnern Eisentablette heute gar nehmen danken
142,Matchday heute abend Uhr gehts Eslmbydmg Gotgm Liga Csgo Https
143,heute Twitter Grind ansagen
144,live starten heute Justchatting danach mal schauen Twitchde Twitchgirl Gaming Twelveminutes Supportsmallstreamers Gamergirl Twitch Germantwitchsup Darksouls Dbd
145,heute neu Demon Slayer Folge kommen heute einfach neu Band lesen einfach Genie
146,oft bringen gut Beispiel Verhalten Mann heute gehen ja immer Richtung
147,Größe Outstanding Linus Straße heute vorm final alpin teamevents entschieden se
148,Recast Spieltag damögen Csgo Main Team spielen heute Uhr Division Spiel
149,Maskenpflicht fallen Maske freiwillig tragen Gelegenheit Zeitpunkt
150,Lauterbach wissen leider wissen heute Test gehen Schwester positiv impfen Eltern
151,heute stolz ganz schaffen lesen malen aufräumen bissch sauber machen Kartoffelsalat machen beim Familienbesuch anwesend Ofengemüse machen Superheldin Notjustsad
152,hören heute nix anhören
153,möchten heute Unmut kundtun Datenlieferung Emsmorgenmeldung Fhlen Datum
154,heute attack on Titten Sonntag
155,Lauterbach heute morgen beurteilen enttäuschen immer mehr br sicherlich geben ständig Erkenntnis katastrophal Kommunikation gehen gerade deswegen schalten schon Lanz Iller etc mehr Tag
156,rechtsextrem Position Ideologie finden heute nahezu Bereich unser Gesellschaft bed
157,Maskenpflicht fallen Maske freiwillig tragen Gelegenheit Zeitpunkt
158,heute Assange seit unglaublich Tag Haft britisch guantanamo Belmarsh seit fast Jahr
159,Demonstrant deutsch Stadt Neustadt stehen Schweigend spielen heute abend kanadisch Nationalhymne fü
160,psychisch schwer gestört Subjekt offensichtlich schwer Rausch machen Amp nennen K
161,Zug Duisburg Entenfang fahren heute heute leider
162,Ok heute Quattromilf Ohje schon sorgen machen
163,möchten heute Unmut kundtun Datenlieferung Emsmorgenmeldung Fhlen Datum
164,Größe Outstanding Linus Straße heute vorm final alpin teamevents entschieden se
165,ya Matchday Defect Team heute zweiter Match Liga Cooperaton Tba Cet f
166,Nowak vieles Cwahnsinn Verschwörung etc heute Realität Aspi ra Tion
167,Veganer heute Milch trinken kannen Notyourmomnotyourmilk Govegan
168,Größe Outstanding Linus Straße heute vorm final alpin teamevents entschieden se
169,heute derart prima Sonntag Main laufen
170,zwei schön Geschichte Kirche ja Klassiker eigentlich Lachen vermutlich müssen heute Kopf Kopf Denken schon gehen Los
171,Rhina Kids mögen dunkel deshalb eher hell heute
172,irgendwie traurig heute Mut gehören ganz banal Wahrheit öffentlich aussprechen
173,Kurt Cobain Musiker Frontman Nirvana zeitlebens immer Klischee stellen sein heute Jahr alt werden
174,heute Liebe Haustiertag Haustier wohnen willkommen Glitzerwelt Pummeleinhorn Pummelandfriends Spaß fun lustig Spruch Quote pets Haustier
175,Maskenpflicht fallen Maske freiwillig tragen Gelegenheit Zeitpunkt
176,Bund heute Liebedeinhaustiertag Tierheimtier besonders Eigenschaft machen
177,Vergessen heute geben Nhlsunday Pittsburgh Carolina Hurricanes live r
178,heute Tag Pandemie kennen immer Coronatoten
179,Chartsd heute Samstag erneuerbar Stromerzeugung Deutschland Uhr Uhr groß Di
180,Liebe Mensch umgeben Verzehr krass Knoblauchdips Ding sagen hoffen niemand haben
181,schön Sonntag abend heute Tatort
182,Maskenpflicht fallen Maske freiwillig tragen Gelegenheit Zeitpunkt
183,Maskenpflicht fallen Maske freiwillig tragen Gelegenheit Zeitpunkt
184,obwohl Anschuldigung Ardmagazins Panorama Bundeswehroffizier manipulativ Zusammengestoppel
185,seit Jahr bestimmen Sarscov Pandemie Leben dominieren Thema öffentlich Diskur
186,mehr sechs Jahr halten Dschihadisten Stephen Mcgown Sahara fest heute halten Vortrag Leben Islami
187,toll schauen heute raus kommen haben richtig machen
188,Philipp Karakal umgangssprachlich Wüstenluchs nennen schaffen bundesweit Nachricht weiden Wohnung retten werden heute Savoirvivre Zoo
189,Sonntagsgespräch Ostukrainekonflikt spielen eigentlich ab Martin Kohlmann Amp Jochen Vogel Gespräch angesichts zuspitzend Lage Donbass heute osteuropaexpert Exspdstadtrat Jochen Vogel Schnee
190,Regen Sturm genug heute
191,Politiker heute Bank gut bezahlen Stiftungsnutten Lüge Mund kommen sollen
192,gehts heute echt gut Tatsache Süßmaus Lovegood bereits Zufall erster mal begegnen machen glücklich befreundet seit
193,Maskenpflicht fallen Maske freiwillig tragen Gelegenheit Zeitpunkt
194,Internetz komplett gone heute Geil
195,München heute
196,liegen heute früh abends speziell plüsch neben Bett immer Aufheitern
197,heute Miese Depression
198,wahr Essener wünschen gut Genesung schämen Person heute Block singen
199,Frauenzweierbobs gestern heute machen Mann Vier sensationell Platz
200,Maskenpflicht fallen Maske freiwillig tragen Gelegenheit Zeitpunkt
201,heute Ende Winterspiel Gastgeber China dafür kritisieren Diktatur olympisch Idee Verrat dabei Gegenteil Fall Blick Geschichte zeigen gehen s Impuls
202,obwohl Anschuldigung Ardmagazins Panorama Bundeswehroffizier manipulativ Zusammengestoppel
203,zwei Stunde mehr bscrbl rücken nah Kanal verpassen heute Liveticker
204,ansonsten sagen heute Testspielniveau Hatay überraschend schwach schenken leider Chance hingegen kaum Chance wohl Saisonende weitergehen
205,früh fragen gehts heute fragen impfen fragen ganz d
206,Maskenpflicht fallen Maske freiwillig tragen Gelegenheit Zeitpunkt
207,möchten enteignen heute schaffen fahren morgen lange Bahn
208,Brandt bitte machen heute Masterclass küssen Stirn
209,heute Assange seit unglaublich Tag Haft britisch guantanamo Belmarsh seit fast Jahr
210,heute Reich beschenken werden Nachbarskind Sonne wünschen nachmittag klopfen u Stand Kleene Sonne Tür sagen Geschenk unbezahlbar
211,Gedenken ermordet Hanau heute erneut Plakette Stuttgarter Rathaus anbringen
212,Falco sein heute werden ganz groß
213,Tortengeburtstag Kolumne gibts heute seit sieben Jahr
214,heute unbedingt Apfelkuchen her Sundaymood
215,heute Assange seit unglaublich Tag Haft britisch guantanamo Belmarsh seit fast Jahr
216,heute Sooo Bock Cod Fable iii Streamen
217,Autounfall Warendorf aktuell heute passieren Polizei Warendorf informieren Polizeimeldung heute halten laufend Unfall Brand Verbrechensmeldung Region
218,sh heute geplant Lngterminal Brunsbüttel stellen Klima Energie Indus
219,heute wissen Herr Lindner Recht gut regieren falsch regieren Feig
220,klein Erinnerung heute abend ab Uhr Streame mal können dabei Auftragsarbe
221,heute Sonntag Zahltrottel Miniwichser Sonntag erwartet Mademoiselle La cash ganz besonders Bespaßung Ruf
222,langweilig finden heute gerade
223,Ylane Lüge heute Steuererklärung abgegeben einfach ankreuzen Radfahrer Krieg zurück machen
224,Sonntagsrede symbolisch Geste geben viele reichen Tun Angehörige heute erneut Deu
225,Frauenzweierbobs gestern heute machen Mann Vier sensationell Platz
226,Bund heute Liebedeinhaustiertag Tierheimtier besonders Eigenschaft machen
227,heute Februar Hanau Erinnerung wenig verblassen geben vielen reden Mar
228,Uhr beginnen Tag zwei Airthingsmaster stark erster Tag vier Gegner Elo s
229,heute gut Tag
230,geben heute Zugabe anhaltend Gefahr Überschwemmung Bereich Bergedorf Uhr
231,heute Vanilleeis Kirsche
232,x heute berichten Rainer w ziehen angeblich bald Drachenlord
233,heute beschließen Mediamonday diesmal vergleichsweise stürmisch Woche
234,heute Assange seit unglaublich Tag Haft britisch guantanamo Belmarsh seit fast Jahr
235,Frankfurt Römer heute unglaublich viele Mensch Ffm Impfpflichtab
236,gut heute schlecht gelaunt deswegen passen
237,Friedrichmerz Behauptung schon heute sein erneuerbar billig Energiequelle halten Überprüfung n
238,heute ne Wohnung angucken Trauer irgendwie darum vermutlich bekommen
239,Maskenpflicht fallen Maske freiwillig tragen Gelegenheit Zeitpunkt
240,kurz Regionalmacht bezeichnen heute Westen zittern bringen Russ Streitkraft schlecht informiert schwach desorganisiert darstellen erzeugen Angst Schrecken Europa Ziel erreichen
241,Wechselhaft erscheinen heute Himmel erfreulich störungsfrei Sonntag durchziehen irgendwie erwarten eher kulinarisch angehaucht Tag kirschkuchens suchen letzter krümeln morgen ch
242,Stream minen heute Dark Souls
243,haben heute Afdaustritt getweetet Okay Okay Afdkreistagsabgeordnete ehemalig Kreisvorsitz
244,
245,belieben Reihe funktionieren eigentlich Ifsg heute mal Fdpgeneralsekretär wohl Irg
246,irgendwie traurig heute Mut gehören ganz banal Wahrheit öffentlich aussprechen
247,Tv heute Tag Zahlendreher Verkauf Ca K Gewinn Liste Mid Zidane kaufen
248,sh heute geplant Lngterminal Brunsbüttel stellen Klima Energie Indus
249,Größe Outstanding Linus Straße heute vorm final alpin teamevents entschieden Startplatz Julian Rauchfuß abtreten Teamwork Makes The Dream work Teamd Olympic beijing wirduerd
250,Rhede Wetter Uhr Temperatur C Luftdruck Hpa fallen Mm Niederschlag letzter Stunde Summe fallen heute Mm stark Windböe heute kmh Richtung Nnw aktuell wehen Wind kmh
251,Atomfried Münzanstalt heute neun Stück limitiert Gedenkmünze herausbringen Rückseite zeigen E
252,heute Tagdersozialengerechtigkeit Hinblick Teuerung va Energiesektor Haushalt zukommen sorgen besonders Mensch bereits Großteil Einkommen wohnen Energie ausgeben
253,heute gehen Anzucht Saison bereits Foto sehen heute Chili Paprika Reihe Moment Arbeit neu Chili Sorte bereits Ende Oktober vorstellen Mephisto Horn nennen nr
254,Reus Tor schön gut haben sehen schön Haar heute sitzen
255,Dttv One zeigen heute Nacht vier weitere folgen elfter Doktor fest Liebe Astronaut nie geben
256,heute Jahr Vfb Throwback
257,München heute
258,Temp C Rfe Taup C Druck Hpa Regen heute Mm Wind kmh
259,heute Flug Ffp Maske abweisen sicher sein obwohl Zertifikat dabei
260,Temperatur C gefühlt Temperatur C Luftfeuchtigkeit Prozent Luftdruck Hpa Wind kmh Windböe kmh Niederschlag heute Mm
261,heute Jährige Jubiläum Haikyu passend werden weitere Projekt ankündigen
262,Unterhaltung Empfehlung heute Noult rein schauen Follow lassen Pflicht
263,feinstaubwert Stuttgartstammheim Feb Uhr pm Maximum heute Uhr pm Maximum heute Uhr weitere Info
264,Gewalt immer sichtbar Böse Wort Blick Ignoranz Verachtung strafen heute präsentieren gefördert Beratungsstelle Weg Weg Gewalt Juko Marburg E v Gewinnzahl
265,One zeigen heute Nacht vier weitere folgen elfter Doktor fest Liebe Astronaut nie geben Tag Monde Fluch schwarz Mal Homeforwhovians
266,heute Grundrecht Tag Haft dürfen Vergessenheit geraten freegrundrecht ll Corona
267,Linke Twitter heute jeglich Blut absaugen beendet endlich
268,früh Mann froh Krieg überleben heute Mann Wokeblase froh
269,rechtsextrem Position Ideologie finden heute nahezu Bereich unser Gesellschaft Bedrohung diffus werden argumentieren rein Becker Hörempfehlung
270,Reicic regionds Bremenhbf gt Oldenburg Bremenhbf gt Oldenburg Zug Fall heute Grund Witterungsbedingte Beeinträchtigung
271,gut abend herzlich willkommen setzen gern Miruns Teiledeinentag mögen haben heute erleben gehen gut schön mögen teilen brauchen tun gut erwartet morgen
272,Artus tapfer Heldin heute Homeoffice morgen entschieden
273,heute quasi neu Aquarium Leipziger Zoo
274,sehen soviel mehr Übergriff Hass Art heute unterschwellig immer Erwartung kommunizieren i
275,Union fühlen dabei sehen mal Bruchteil Arbeit laufen heute Lachen bringen
276,Reklame entstanden Veb Mathiasthesenwerft Wismar etwa Faltboote Ddr
277,Antifaschistinnen heute Braunschweig solidarisch zeigen betroffen Hausdurchsuchung Angriff Nexus Angriff deswegen stehen heute Seite Seite Repression Wrgbleibtantifa B
278,Bund Nancy Faeser heute deutsch Olympionikinnen Amp Olympioniken Frankfurter Flughafen empfangen gut
279,Demonstrant deutsch Stadt Neustadt stehen Schweigend spielen heute abend kanadisch Nationalhymne fü
280,Lacevic heute international Tag Sozialegerechtigkeit möchten Aufmerksamkeit deshalb heute d mangelnd
281,roehn Dänemark argumentieren ja ganz ähnlich Schweiz Schweden uk reden mehr ir
282,welch sonnig Sonntag heute
283,sein heute mehr vorstellbar mögen Offenheit Kanzler Kohl Rückblick Übel
284,At immer
285,Demonstrant deutsch Stadt Neustadt stehen Schweigend spielen heute abend kanadisch Nationalhymne fü
286,Maskenpflicht fallen Maske freiwillig tragen Gelegenheit Zeitpunkt
287,heute Welttag sozial Gerechtigkeit daher paar zahlen raussuchen Ausmaß Ungerechti
288,offiziell beschwern offiziell Hundewuffbeschwerdestellefürmisslicheangelegenheiten heute schon dreifzighundert mal raus Regen dreifzighundert mal nass werden Folter schwer Missachtung Hund dürfen nass Regel
289,heute spielen Vulkanesport Team Uadb damögen Liga Uhr gehen Los Joint cast Verfolgt Spiel unser Mannschaft Twitch
290,Frieden brauchen Waffe setzen heute Zeichen d Militarisierung d Außenpolitik Amp Sog ab
291,Doc Korrelation Kausalität vielen Sache Gruppe pauschal immer Meinung oben heißen mal Glückstreffer geben heute werden Mensch Donbass ukrainisch Streitkraft beschießen
292,Trier Antonia nerven Trier geben Vorwarnung Dwd Orkanbö ab Uhr heute abend Uhr
293,live Personalnews freudig Nachricht vorweg Sebastian Dahm erfolgreich Olympiateilnahme Geste
294,Bund Nancy Faeser heute deutsch Olympionikinnen Amp Olympioniken Frankfurter Flughafen empfangen gut
295,Streamst heute
296,Cortex De fragen Diabetes Typ Chance passend Essen bekommen Schlimme dauerhungrig oh sogenannter Jogurt ne Art Leim Leim schmecken heute dankbar Tag
297,heute Grundrecht Tag Haft dürfen Vergessenheit geraten freegrundrecht ll Corona
298,Maskenpflicht fallen Maske freiwillig tragen Gelegenheit Zeitpunkt
299,Lacevic heute international Tag Sozialegerechtigkeit möchten Aufmerksamkeit deshalb heute d mangelnd
300,damals jung voll Gehyped heute fast gar mehr
301,Maskenpflicht fallen Maske freiwillig tragen Gelegenheit Zeitpunkt
302,früh müssen zehnter Fürst abgeben Zehntel Einkommen gelten unfrei heute
303,Empörung funktionalisieren kennen Grünenlinken Themenfeldern me
304,x Hitler haben Bündnisverpflichtung Ernst nehmen sollen damals heute Russland Diktatur Verbündet damals werden Polen Opfer heute Ukraine Putinverbündeten blutig Diktatur Belarusiranchinasyrien
305,dumm heute sterben
306,Sonntagsgespräch Ostukrainekonflikt spielen eigentlich ab Martin Kohlmann Amp Jochen Vogel Gespräch angesichts zuspitzend Lage Donbass heute osteuropaexpert Exspdstadtrat Jochen Vogel Schnee
307,Oma Ruprecht letzter Woche Nee Maus vielleicht zwei ja schonmal Gefangen wiederkommen Oma Ruprecht heute schon Maus Gefangen jung
308,Maskenpflicht fallen Maske freiwillig tragen Gelegenheit Zeitpunkt
309,neu Blick brauchen gut Wetter heute Küchenkorpi aufbauen
310,Review Kollaboalbum Epic Album spalten Fanbase gehören Zweifel Gute Zenit makellos Gang immer Beispiel beweisen stark Album seit Release hören Album heute
311,möglich heute mehr Nachsehen
312,Maskenpflicht fallen Maske freiwillig tragen Gelegenheit Zeitpunkt
313,Ungelogen heute nie gehören The More you Know
314,heute restlich wl Streamen leider krank sehen hoffentlich ab morgen Amp linker Bio können nächster Muusticup anmelden
315,knicken Grad stark extrem heute vormittag endlich mal Energie haben Ding Tun sogar ganz gut drauf seit Stunde innerlich sterben Grad draußen Hoffnung fangen nein Notjustsad
316,Bubble jemand Erfahrung Owncloud Nextcloud umstellen seit heute laufen pi schon Sd
317,Maskenpflicht fallen Maske freiwillig tragen Gelegenheit Zeitpunkt
318,entstanden Veb Mathiasthesenwerft Wismar etwa Faltboote Ddr europäisch Land verkaufen werden heute Wasser antreffen Delphin Delphin Gdr Ostalgie Eastgermany
319,heute Assange seit unglaublich Tag Haft britisch guantanamo Belmarsh seit fast Jahr
320,Artikel lesenswert finden Tatsache Pornographie heute ab bestimmen Alter spätestens Jahr frei erhältlich Internet Abogebühren Austenommen halten Sexsucht suchen sein logisch
321,langsam gehen Los Sturmtief Antonia Wind heute abend Nacht immer stark aktuell Messu
322,b Pankow Schaunichtweg Noracism Dilan mutig jung Frau heute erster Rede halten danken Dilan M
323,Fan Halt immer negativ sehen Wärs positiv erwähnen deutlich geschwächt womöglich leicht Bespielender Gegner heute
324,heute Grundrecht Tag Haft dürfen Vergessenheit geraten freegrundrecht ll Corona
325,Vllt wissen Kind mobben kommen Haus erzählen stolz davon heute jemanden fertig machen außerdem Mobbing Opfer meist Angst davor melden Hilfe suchen stark Mobbing befürchtet
326,danken Polar special heute endlich gekürzt Dmaxfassung löschen
327,Max heute zwei Jahr werden Hanau neun Mensch Rassisten ermordet Fixed That For you h
328,heute Jahr schön Geschenk machen Tochter geboren Jahr
329,genau Jahr werden mots Album veröffentlichen Amp Jin Liebeslied Armys Moon lassen
330,Atomfried Münzanstalt heute neun Stück limitiert Gedenkmünze herausbringen Rückseite zeigen E
331,Anzahl Artist Patren viele davon heute Hallelujaentlockten
332,geben Wochenenddepression gestern heute richtig schlecht Laune Aggression
333,belieben Reihe funktionieren eigentlich Ifsg heute mal Fdpgeneralsekretär wohl Irg
334,Geestern abend schonmal gucken heute Wiederholung
335,heute Sonntag mal freundlich Bild unruhig Zeit Frieden Hund
336,Hemmy Halbzeit heute spielen J Nagelsmann Dazn
337,Bund Nancy Faeser heute deutsch Olympionikinnen Amp Olympioniken Frankfurter Flughafen empfangen gut
338,Omg heute Kohlmeise Balkon zusammen Nistkasten Innen anschauen Leute Frühling kommen
339,Tvtipp diesmal Gast Stadtgespräch umtriebig Kommunikationsprofi sprechen Gerhardkoller
340,Respekt hartgesotten Fan Hertha heute Zeit trotz Wetter erwartend klatschen Stadion gehen bscrbl Hahohe
341,reichen mal pro Israel Arschkriecherei Ok Vergangenheit Fehler machen Israel erlauben lassen falsch Palestinenser Jude damals heute
342,Phiphou heute Uhr Deutschland Stromverbrauch gkwh Co Ausgestoßen gleich Zeit Stoß Frankr
343,heute Assange seit unglaublich Tag Haft britisch guantanamo Belmarsh seit fast Jahr
344,heute abend zocken Minecraft Wars schauen gerne vorbei ab Ca
345,langsam gehen Los Sturmtief Antonia Wind heute abend Nacht immer stark aktuell Messung Z Zürich geben weit Info Antonia finden Ht
346,heute Assange seit unglaublich Tag Haft britisch guantanamo Belmarsh seit fast Jahr
347,Bund Nancy Faeser heute deutsch Olympionikinnen Amp Olympioniken Frankfurter Flughafen empfangen gut
348,heute Diskussion Twitter erleben dürfen Maßnahme müssen verhältnismäßig Tausend Tote zählen s ne Maske Gesicht gehen
349,Demonstrant deutsch Stadt Neustadt stehen Schweigend spielen heute abend kanadisch Nationalhymne fü
350,Lacevic heute international Tag Sozialegerechtigkeit möchten Aufmerksamkeit deshalb heute d mangelnd
351,Walter Doc wissen K russisch Soldat ukrainisch Grenze schon bewissen seit heute annektiert Weißrussland Hälfte oben genannt Truppe stehen Polen grenzen Litauen
352,füllen Mitternacht Vollmond immer Wasser Wasserhahn Flasche ab strahlen Monde putzen Fenster extra sauber genug Unfug heute
353,Lacevic heute international Tag Sozialegerechtigkeit möchten Aufmerksamkeit deshalb heute d mangelnd
354,psychisch schwer gestört Subjekt offensichtlich schwer Rausch machen Amp nennen Kontorolle unkontrolliert Geldfluß aufgeben größenwahnsinnig irren Prototyp Politiker
355,heute Stunde lang Patient darüber diskutieren Körperteil Verkauf letztendlich Konn
356,heute Xygregel fallen überall Bekanntenkreis hageln positiv Ergebnis coronatests hinten Los gehen einsehen geplant Durchseuchung geben
357,Maskenpflicht fallen Maske freiwillig tragen Gelegenheit Zeitpunkt
358,jemand Lust ne Runde Recon Op heute abend Ankev
359,Lacevic heute international Tag Sozialegerechtigkeit möchten Aufmerksamkeit deshalb heute d mangelnd
360,Tweeds sehen heute schön
361,kurz Geburtstag heute keinerlei Verbindung Institution verspüren
362,Dieafd lernen Rwescp Aktion glauben Verein schlau Reißleine zeihen
363,Dudek Zivilgesellschaft Russland schwach Unterdrückt existieren mehr erwähnenswert
364,wer heute Heulen brauchen seit November warten Hund sibirisch Krankenhaus gut
365,oft Situationskomik Sowas mal beim Tv gucken Vater heute brechen Lachtränen daran Erinnern jemand Kölner Dom Melone gessen verstehen natürlich niemand
366,Maskenpflicht fallen Maske freiwillig tragen Gelegenheit Zeitpunkt
367,Max heute zwei Jahr werden Hanau neun Mensch Rassisten ermordet Fixed That For you h
368,Muentefering Annalena Baerbock heute auswärtig Ausschuß Bundestag gut aussprechen danken ic
369,Lauterbach Anschiss Boß Bill Gates Olaf Scholz bekommen warum eskalieren mehr Nichtexperte klar Ba ansteckend nich harmlos harmlos Omikron Pandemie vorbei Rücktritt nich heute bitte
370,mehr sechs Jahr halten Dschihadisten Stephen Mcgown Sahara fest heute halten Vortrag Leben Islamist beschreiben deren Welt überraschend friedlich
371,München heute
372,Bund heute Liebedeinhaustiertag Tierheimtier besonders Eigenschaft machen
373,Matchday heute gehts zweiter Runde Mainteam hochschießen wild negevkills werden
374,De wieso Union Thema Gendern Untergang Menschheit sehen Ploß heute verzapfen zeitgleich themengleich Afdlerin
375,s live ab spielen Freitag heute Playoffs gut Start bisher Trading Woche Star
376,trauen Space reden heute
377,heute morgen geben Nachwuchs klein Olaf Mutter Wohlauf Schaf
378,sehen soviel mehr Übergriff Hass Art heute unterschwellig immer Erwartung kommunizieren irgendwie angenommen Rolle bleiben irgendwelcher komplett unwichtig vulgär ausdrücken raffen
379,Kind heute Test tja deutlich gehen Ergebnis Pcrs vielleicht mal Schule informieren Kind krank leisten entschieden
380,morgen ja zibomo Münster Wolbeck heute mittag tanken gar schmücken Umzug fallen Wetter passen ohbehin vermuten
381,Bubble jemand Erfahrung Owncloud Nextcloud umstellen seit heute laufen pi schon Sd
382,Fcnuernberg Jubilar heute Marek Nikl Pokalsieger feieren heute Geburtstag he
383,machen heute
384,heute einfach Masse hervortreten Mensch langweilig Natur Halt vorsorgen viele
385,heute hören Youtubekanal flüstern geben Gameplayvideos verhungern fragen warum guckts besonderer Kanal haben Spaß dabei daher gibts heute morgen schön Betagames Test Germanmediart
386,lenerd Ahoi stechen See schauen gerne vorbei Abenteuer heute Erwa
387,heute geben Twitter unzählig gedenktweets Amoklauf Hanau wer dabei einfach deutsch Opfer Migrati
388,heute erster Einkauf Maske auffallen diejenigen Maske tragen halten Kopf leicht Gesenk
389,heute Grundrecht Tag Haft dürfen Vergessenheit geraten freegrundrecht ll Corona
390,München Polizei hindern Bürger heute Ausübung demokratisch Grundrecht Demonstrant
391,kurz Geburtstag heute keinerlei Verbindung Institution verspüren
392,Lacevic heute international Tag Sozialegerechtigkeit möchten Aufmerksamkeit deshalb heute d mangelnd
393,heute Köln Bahnhof Los schon drei Leute Geld Nen Ticket fragen
394,Kanns glauben heute mal Gladbach
395,Bund heute Liebedeinhaustiertag Tierheimtier besonders Eigenschaft machen
396,heute Welttagdersozialengerechtigkeit Erinnern deutsch arm Hälfte Bevölkerung b
397,beim letzter Arbeitgeber interessant trotzdem moralisch verwerflich mitmachen selber Schuld heute mehr
398,Bund heute Liebedeinhaustiertag Tierheimtier besonders Eigenschaft machen
399,sitcomlegend Tvrevoluzzerin Zweimalige Retterin Star Trek Rothaarige Hälfte legendär Hollywoodpowe
400,Teacher gerade Freundin positiv Ag Test schicken Symptom seit Montag negativ Pc heute gehen schlecht deswegen antigentests neu Pc bereits abgegeben
401,stellen heute beim impfen Hund Tierarzt tatsächlich Stich Herz L
402,Maskenpflicht fallen Maske freiwillig tragen Gelegenheit Zeitpunkt
403,dankbar wunderbar we Outdoorzeit willkommen Auszeit Alltag spät Rückweg planen unverhofft richtig schön Wetter heute
404,bald Zeit Harald Martenstein schnell gehen heute ganz brav
405,At Wirtschaft Halt Zielgruppe
406,Wand werden heute morgen gezielt Übung unterziehen Avantipalestra
407,wagen heute Spaßeshalber groß Leinwand Versuch diesmal Perfektionismus Geduld pfeifen werden Leinwand Versuch retten gestern vorbereitet Amp irgendwie Verkackt schlimm
408,Dezember laufen Doku Traditionsverein unterer lesen gewaltbereit Recht Fan umgehen negativ
409,denken probieren heute mal neu Vegane Hackbällchen Veganer Käsefüllung sagen s Seltenst groß Ressource Verschwendung heute
410,Maskenpflicht fallen Maske freiwillig tragen Gelegenheit Zeitpunkt
411,Rtcom Faschist haben Krim wüten Odessa Maidan tun heute aufgearbeitet
412,Matchday open Qualifier Febmarch Week heute gehen dritter Runde Qualifikationswoche ab Pku Esports Pubg Consoles Esl
413,heute gibts patriotisch Essen gulasch deutsch Schwein Plus Rind Gewürz Flüchtlingsland Ge
414,bissch Langeweile Start Ahnung heute sollen schauen Nth Gaming House vorbei sagen
415,egal Punkt Rennen ums Meisterplayoff heute rein Ergebnisspiel st
416,München heute
417,Ahoi stechen See schauen gerne vorbei Abenteuer heute erwarten Twitchde Twitch Letsplay Minecraft Batman Pirate live
418,Illertissen Ca freiheitsliebend Mensch gehen heute Straßedank Impfpflichtab Lauterbachru
419,Wind blasen wahrscheinlich deshalb schon mehrfach Klavierhocker fallen Helmut Schmidt setzen vier
420,Twitch heute gibts voll Eslmbydmg Ladung Div Uhr Ger Uhr
421,eh super Neuinfektion heute Maske runter öffnen
422,heute werden Popup Raum Degginger Kopf Probe stellen gelten innovativ Idee Smartcity
423,Phiphou heute Uhr Deutschland Stromverbrauch gkwh Co Ausgestoßen gleich Zeit Stoß Frankr
424,heute holen Bvbbmg
425,Bayern Lage heute Halbzeit hinten möchten tauschen müssen
426,Today i going to Join Killr on his Sunday events Come And Say hi Sonntagsevent Killr
427,heute werden Popup Raum Degginger Kopf Probe stellen gelten innovativ Idee Smartcity Wand bringen Gehirntraining Vr Lösung Brainjo erproben toll Kombi finden
428,Saarbrücken heute danken Impfpflichtab Nichtmituns Lauterbachruecktritt
429,Uff kognitiv Dissonanz echt ausprägen Typ denken Weisheit kommen automatisch Pimmel Substanz Lol Haaach gut heute Lachen Merci Clown
430,egal Punkt Rennen ums Meisterplayoff heute rein Ergebnisspiel st
431,Maskenpflicht fallen Maske freiwillig tragen Gelegenheit Zeitpunkt
432,Ok Versuch Nummer heute Krieg Pokedex Pokemonlegendsarceus wirklich voll
433,wünschen i Lkay Gündoğan heute Wahrheitsserum spritzen werden sein Aufbauspiel Borussia Dortmund denken laut aussprechen
434,Lacevic heute international Tag Sozialegerechtigkeit möchten Aufmerksamkeit deshalb heute d mangelnd
435,heute Sturmwetter
436,Kopfschmerz leider gut werden Ruhe heute sehen morgen
437,egal Punkt Rennen ums Meisterplayoff heute rein Ergebnisspiel Stuscr oefbl Scr
438,Nancy Faeser heute deutsch Olympionikinnen Amp Olympioniken Frankfurter Flughafen empfangen gut herausholen kämpfen Amp großartig Leistung zeigen wirklich stolz Teamd Amp vielen Medaille beijing Olympia
439,heute drei Stunde überfüllen Indoor Spielplatz Gewerbegebiet einfach kraß Erfa
440,heute Arbeit Xanaxtime Uwu
441,Liebe pull That Piggy Gewürz erster Ankerkraut ausprobieren
442,Maskenpflicht fallen Maske freiwillig tragen Gelegenheit Zeitpunkt
443,heute Hopfengarten kommen Neptun biegen rechts Leipziger Chaussee ab Mini Suvs fahren Linke Straßenseite eh links abbiegen möchten tun überholen danach mehr ausreichend Abstand
444,Rpg heute erscheinen Hörbuch Teil Harrypotter Fanfiction Schattendervergangenheit Sprecher
445,At doppelt impfen geboostert impfen scheinen helfen
446,Lauterbach wünschen Plage lieber heute morgen fehlen glauben daran
447,richten Hacker bitte ganz groß danken Maskenpflicht Schüler Innen
448,Nman oh heute
449,Abschluss Winterspiel heute ausnahmsweise schon Sonntag Netz Fazserie schnell schlau Thema wen Olympiamedaillen gehen warum
450,Empörung funktionalisieren kennen Grünenlinken Themenfeldern me
451,heute Sonntag Amp fühlen Tag genau Bock
452,Maskenpflicht fallen Maske freiwillig tragen Gelegenheit Zeitpunkt
453,Maskenpflicht fallen Maske freiwillig tragen Gelegenheit Zeitpunkt
454,immer Februar Hanau Staatsbesuch Blitzlichtgewitter heute Aufmerksamkeit Beansp
455,Derapothekerverlosteinbuch Teil heute verlosen Instagram je signiert Exemplar se
456,Maskenpflicht fallen Maske freiwillig tragen Gelegenheit Zeitpunkt
457,vielleicht fühlen deshalb einsam Kopf heute schon Tausend Nachricht schicken
458,heute Februar Hanau Erinnerung wenig verblassen geben vielen reden Mar
459,Ok sehen damals Gefängnis Wissen heute
460,heute erster mal getestet irgendwie Modebrot Korn bestehen Körnerbrot Liebe vielen Kohlenhydraten Problem haben getestet sagen Liiiiiiebe
461,Illertissen Ca freiheitsliebend Mensch gehen heute Straßedank Impfpflichtab Lauterbachru
462,heute Grundrecht Tag Haft dürfen Vergessenheit geraten freegrundrecht ll Corona
463,heute Jahr witzig Tag Twitter
464,haben Rainer heute Gestreamt sein locker mehr Kohle drin immer erstaunlich ned checken einfach faul
465,Marcusfuchs Dresden heißen heute Kretschmer
466,heute abend Uhr beginnen Purge Rust Spaß Pvp Raids vorprogrammiert Streamt starten Uhr
467,vieles Cwahnsinn Verschwörung etc heute Realität Aspi ra Tion Pflegefachkraft lernen einfach Pflicht egal Who Stiko erzählen
468,heute Assange seit unglaublich Tag Haft britisch guantanamo Belmarsh seit fast Jahr
469,Horsthh heute Straße Hamburg Mundsburg gehen ab Uhr Los morgen Eppendorf A
470,final Ohooooo Baka open final Loveshaker Let go Crew heute Giveaway
471,Lust Community Racing kommen rum Fahrt schauen Hud Amp Fahrhilfen Immersion heute schrauben Hype
472,insgesamt enthalten menschlich Dna heute Gen Gensequenzen mehr verschieden Endogenen Retroviren K
473,rufen At freedom Day nehmen sowieso hören bleiben immer Maske Impfpflicht G Geschäft Testpflicht Arbeit gehen dürfen Usw Freiheit Recht glauben Herbst Los Pandemie bekämpfen ja Tun
474,lang suchen passend Klapprad finden gut Preis morgen frisch ölen abholen heute geben schon zwei frisch gebacken Fladenbrot Verkäufermutter
475,täglich Opfer Hanau Erinnern Respekt setzen statt Hass Zusammenhalt s
476,freuen Allianz Arena beim Spiel Fürth heute Drittel auslasten dürfen weit
477,genau Deswegenhaben bereits Name Unterstützerinnen sofortig Krisengrundeink
478,Demonstrant deutsch Stadt Neustadt stehen Schweigend spielen heute abend kanadisch Nationalhymne fü
479,Leselust Andreas Schröter loben heute Schreiblust Leselust Fußballbuch Andreas Bernard gehen raus spielen Fuß
480,glauben geben heute Fight Aufgehtshaie
481,genial lösen Schlafbürschla Thomas Gottschalk Anrufbeantworter begeisternd Volksbad betrügen gut Wirds heute Nürnberg
482,Warnapp heute fast wichtig Covpass
483,Eslmbydmg heute insgesamt match denen übertragen Ocbyoungstars ac Ht
484,Illertissen Ca freiheitsliebend Mensch gehen heute Straßedank Impfpflichtab Lauterbachru
485,Erkunder fw heute Beschäftigt
486,Maskenpflicht fallen Maske freiwillig tragen Gelegenheit Zeitpunkt
487,Maske Meter Abstand Woche essentiell
488,Maskenpflicht fallen Maske freiwillig tragen Gelegenheit Zeitpunkt
489,ja heute Sowas Schweizer torwartduell Gregor Kobel Yan Sommer Nachfolger Kasten Nati Vorgäner Eidgenosse Bvbbmg
490,Today i going to Join Killr on his Sunday events Come And Say hi Sonntagsevent Killr
491,immer betroffen Wahrnehmung Rassismus Kampf müssen Problem deshalb Brauch
492,spielen Song Battle live Stream wohl heute Gewinn
493,Today i going to Join Killr on his Sunday events Come And Say hi Sonntagsevent Killr
494,Ems melden heute Infektion hoffen stimmen
495,Mia Daniel praktisch Führerscheinprüfung oh dezent nervös d h
496,Imtv Guuude heute letzter Warmup Qualifier schauen gemeinsam Ca Uhr wer letzter beiden Team
497,th Servicetweet Discoursmaschine Corona Querdenker still There eigentlich radikal Linke Köln
498,gehts heute gut entfolgen Tag
499,obwohl Anschuldigung Ardmagazins Panorama Bundeswehroffizier manipulativ Zusammengestoppel
